1000 Hills Distillery,Rwanda,1,5,40.67
10th Mountain,United States,4,0,0
10th Street Distillery,United States,9,8,85.96
12.05 Distillery,United States,7,0,0
1769 Distillery Inc.,Canada,3,4,80.33
18th Street Distillery,United States,5,0,0
2bar Spirits,United States,4,7,71.5
3 Badge Beverage,United States,14,107,81.68
3 Howls,United States,4,4,90.67
45th Parallel,United States,5,0,0
52eighty Distilling,United States,2,0,0
5Nines,Australia,8,0,0
66 Gilead Distillery,Canada,2,3,81
7K Distillery,Australia,4,0,0
A. Smith Bowman,United States,36,116,83.95
Abbeyhill Distillery,Scotland,0,0,0
Aber Falls Whisky Distillery,United Kingdom,1,4,86.5
Aberargie Distillery,Scotland,0,0,0
Aberfeldy,Scotland,428,6261,83.78
Aberlour,Scotland,1133,22993,84.92
Abhainn Dearg,Scotland,38,392,66.66
Acha,Spain,1,7,79.8
Achill Island Distillery,Ireland,0,0,0
Acre Distilling,United States,3,0,0
Ad Gefrin Distillery,United Kingdom,0,0,0
Adams Distillery,Australia,37,4,81.75
Adelaide Hills,Australia,4,2,82
Adirondack Distilling Co.,United States,3,0,0
Adnams,United Kingdom,15,105,74.06
Aecht Schlenkerla,Germany,0,2,61
ÆppelTreow,United States,1,0,0
Ærø Whisky,Denmark,11,6,85.89
Agárdi Pálinkafőzde,Hungary,2,7,73.88
Agder Brenneri,Norway,3,27,62.78
AGITATOR WHISKYMAKARE,Sweden,1,0,0
Aichinger,Austria,5,51,76.59
Ailsa Bay,Scotland,22,775,80.67
Aioi Unibio Co. Ltd.,Japan,5,28,75.68
Akkeshi Distillery,Japan,12,128,85.26
Alaska Distillery,United States,1,1,55
Albany Distilling,United States,4,2,70
Alberta Distillers Ltd.,Canada,57,399,83.66
Albyn Distillery,Scotland,0,0,0
Alchemy Distillery,United States,5,0,0
Alde Gott,Germany,4,14,81.35
Alex Clark Spirits,United States,2,1,83
All Points West,United States,1,0,0
Alley 6 Craft Distillery,United States,2,0,0
Allgäu-Brennerei Günther GmbH,Germany,5,20,70.45
Allt-a-Bhainne,Scotland,384,2921,84.14
Alltech Carlow Distillery,Ireland,0,0,0
Alpenwhisky-Destillerie,Austria,13,10,81.5
Alpirsbacher Klosterbräu,Germany,2,7,83
Alt Enderle,Germany,18,65,83.52
Alte Brennerei,Switzerland,1,1,72
Alte Hausbrennerei A. Wecklein,Germany,6,3,66.75
Altenburger Destillerie & Liqueurfabrik,Germany,0,2,72.5
Altore,France,3,7,65.88
Amador Distillery,United States,4,4,85
American Fifth Spirits,United States,2,1,70
American Freedom Distillery,United States,7,0,0
Amrut,India,481,9033,84.7
Anchor Distilling Company,United States,30,146,84.33
Andalusia Whiskey Co.,United States,4,1,45
Anglesey Môn Distillery,United Kingdom,2,0,0
Annandale Distillery,Scotland,64,580,83.04
ANNO 1940,Austria,1,1,89
Anno Distillers Ltd.,United Kingdom,2,0,0
Appalachian Distillery,United States,3,0,0
Applewood,Australia,1,1,62
Arbikie,Scotland,6,15,83.4
Arbutus Distillery,Canada,1,1,75
Archie Rose Distilling Co.,Australia,13,17,83.2
Arcola Distillery,United States,1,1,82
Arcus,Norway,6,40,79.36
Ardbeg,Scotland,2126,77692,88.12
Ardenistile,Scotland,0,0,0
Ardgowan Distillery,Scotland,0,1,82
Ardlussa Distillery,Scotland,0,0,0
Ardmore,Scotland,1337,13398,85.11
Ardnahoe Distillery,Scotland,0,0,0
Ardnamurchan,Scotland,46,1453,84.12
Argyll Distillery,Scotland,0,0,0
Arilds Vingård,Sweden,0,0,0
Arizona Distilling Co.,United States,6,1,76
Arizona High Spirits Distillery,United States,2,1,72
Armagnac Veuve Goudoulin,France,1,3,88
Arnsteiner Brauerei,Germany,1,0,0
Arran,Scotland,2022,31681,85.15
Artist in Residence Distillerie,Canada,1,0,0
Asaka,Japan,13,12,85.83
Ascendant Spirits,United States,7,1,86
Asheville Distilling Co.,United States,5,5,85.5
Astidama,Indonesia,3,11,73.36
ASW Distillery,United States,5,2,78.5
Auchentoshan,Scotland,1108,13360,83.82
Auchnagie,Scotland,2,4,83
Auchroisk,Scotland,600,4696,84.56
Augustus Rex,Germany,5,3,73.5
Aultmore,Scotland,789,6481,85.11
Aurora Spirit,Norway,6,105,79.34
Authentic Seacoast Distilling Co. Ltd.,Canada,4,4,79.25
Avadis Distillery,Germany,23,53,70.15
Axe and the Oak Distillery,United States,3,0,0
Az-Granata,Azerbaijan,2,0,0
bachgau-Destille,Germany,15,15,67.52
Backwoods Craft Spirits,United States,4,0,0
Backwoods Distilling Co.,Australia,12,3,80
Bad Dog Distillery,United States,1,1,60
Bad Kötztinger Bärwurz-Quelle,Germany,5,20,86.2
Badachro Distillery,Scotland,1,3,88.33
Badmils Black Distillery,Austria,3,1,84
Bainbridge,United States,5,3,86.25
Baker Williams Distillery,Australia,3,2,88
Bakery Hill Distillery,Australia,25,87,84.17
Balblair,Scotland,571,9024,85.81
Balcones Distilling,United States,150,1261,82.48
Ballindalloch,Scotland,0,24,90.77
Ballykeefe Distillery,Ireland,7,1,84
Balmenach,Scotland,508,3063,85.11
Baltimore Spirits Company,United States,3,5,77.89
Balvenie,Scotland,3116,23368,86.33
Bandon Distillery,Ireland,1,0,0
Banff,Scotland,163,2652,88.05
Bankhall,United Kingdom,1,0,0
Baoilleach Distillery,Ireland,3,0,0
Bardstown Bourbon Company,United States,21,32,88.09
Baronie Distillers,Netherlands,1,2,76.5
Barrel House Distillery,United States,3,0,0
Barton 1792 Distillery,United States,102,340,84.63
Basilico France,France,4,4,77
Basque Moonshiners,Spain,4,27,78.64
Batch 206 Distillery,United States,3,0,0
Bay Area Distilling Co.,United States,2,0,0
Bear Wallow Distillery,United States,5,0,0
Békési Manufaktúra,Hungary,7,21,64.68
Belgrove Distillery,Australia,37,29,87.25
Belle Isle Craft Spirits,United States,2,0,0
Bellerhof-Brennerei,Germany,17,14,71.63
Belmont Distillery,United States,1,0,0
Belmont Farm Distillery,United States,16,23,82.66
Ben Milam Whiskey Distillery,United States,0,0,0
Ben Nevis,Scotland,1408,28340,86.57
Ben Wyvis,Scotland,17,285,89.4
Ben Wyvis / Ferintosh,Scotland,2,2,92
Benachie Distillery,Scotland,2,0,0
Bendistillery,United States,11,12,78
Bendt Distilling Co.,United States,4,11,87.2
Benmore Distillery,Scotland,0,0,0
BenRiach,Scotland,1622,34087,85.98
Benrinnes,Scotland,1158,11452,85.4
Benromach,Scotland,459,11747,85.8
Bent Brewstillery,United States,3,0,0
Bergslagens Destilleri,Sweden,1,1,64
Bergwelt Brennerei,Germany,1,0,0
Berkshire Mountain Distillers,United States,6,2,82
Bernheim,United States,36,264,85.17
Bertrand,France,27,60,79.67
Betz Manufaktur,Germany,1,0,0
BFLO Distilling Company,United States,3,0,0
Bierbrouwerij Mommeriete,Netherlands,0,0,0
Bierbrouwerij Sint Servattumus,Netherlands,0,0,0
Bierbrouwerij Volendam,Netherlands,0,0,0
Bières Michard,France,2,6,78.67
Bieri Brennerei Bauernhof,Switzerland,12,20,79.42
Big Bottom Distilling,United States,17,16,81.94
Bimber Distillery,United Kingdom,131,1310,86.09
Biolandhof Köhler,Germany,1,0,0
BioSpirits,Netherlands,5,13,47.52
Birgitta Rust - Piekfeine Brände,Germany,18,48,74.35
Birkenhof Brennerei,Germany,4,1,83
Birkenhof-Brennerei GmbH,Germany,39,80,78.52
Bishop's Water Distillery,Ireland,0,0,0
Black Bear Distillery,United States,1,0,0
Black Bridge Distillery,United Kingdom,5,0,0
Black Button Distilling,United States,9,0,0
Black Canyon Distillery,United States,1,0,0
Black Dirt Distillery,United States,19,2,82
Black Draft Distillery,United States,3,0,0
Black Gate Distillery,Australia,26,16,85.23
Black Heron Spirits,United States,2,0,0
Black Velvet Distillery,Canada,33,127,71.79
Blackfish Spirits Distillery,United States,4,0,0
Blackmoon,Switzerland,1,1,90
Blacks Brewery & Distillery,Ireland,0,2,82.5
Black's Distillery,Canada,2,0,0
Blackwater Distillery,Ireland,2,3,88
Bladnoch,Scotland,877,6937,85.02
Blair Athol,Scotland,828,10042,85.54
Blaue Maus,Germany,112,149,70.99
Blaum Bros. Distilling Co.,United States,7,6,86
Blinking Owl,United States,3,0,0
Blue Monkey Brewery,United Kingdom,5,2,79.5
Blue Ridge Distilling Co.,United States,3,15,68.13
Blue Sky Distillery,United States,1,0,0
Blue Spirits Distilling,United States,4,0,0
Bluegrass Distillers,United States,1,0,0
Boann Distillery,Ireland,0,67,84.48
Böckl,Austria,4,3,69
Bogner,Austria,1,1,66
Bolanachi,Egypt,4,18,28.63
Bold’s Schnapsideen,Germany,0,0,0
Boldizar Obstbrand GmbH,Germany,4,5,75.63
Bollnäs Bryggeri & Bränneri,Sweden,0,0,0
Bone Spirits,United States,2,0,0
Boone County Distilling Co.,United States,12,4,81.75
Boplaas,South Africa,5,17,81.52
Bosch-Edelbrand,Germany,12,26,75.21
Bossche Stokers V.O.F.,Netherlands,5,0,0
Boston Harbor Distillery,United States,4,1,60
Böttchehof,Germany,2,9,77.29
Bouck Brothers Distilling,United States,4,0,0
Bow Street (John Jameson) Distillery,Ireland,68,247,84.72
Bowmore,Scotland,3367,68392,86.94
Bows Distillerie,France,3,1,83
Box,Sweden,333,970,84.81
Braeckman Distillery,Belgium,14,176,85.97
Brænderiet Limfjorden,Denmark,5,13,85.58
Braeval,Scotland,449,2908,85.06
Brain Brew Distillery at the Eureka! Ranch,United States,8,0,0
Brandhaus7,Germany,2,0,0
Branger,Austria,1,1,79
Brauerei Aare Bier / Old River,Switzerland,3,12,73.29
Brauerei Baumgartner Tiroler Bier,Austria,2,1,78
Brauerei Egg,Austria,1,0,0
Brauerei Falken AG,Switzerland,10,16,79.95
Brauerei Locher,Switzerland,255,1849,83.08
Brauerei Monstein,Switzerland,23,19,70.21
Brauerei Rotingdorf,Germany,0,0,0
Brauerei Unser Bier,Switzerland,0,0,0
Brauerei Westheim GmbH,Germany,0,0,0
Braugasthof Papiermühle,Germany,10,7,76.67
Braunstein,Denmark,81,298,82.6
Breckenridge Distillery,United States,19,37,83.59
Brenne,France,5,43,67.23
Brennerei & Mosterei Stadelmann,Switzerland,22,27,78.43
Brennerei am Feuergraben,Germany,1,1,81
Brennerei Aubele,Germany,0,0,0
Brennerei Bayer,Germany,1,1,75
Brennerei Brehmer-Knauer,Germany,1,0,0
Brennerei Bühler,Germany,2,0,0
Brennerei Druffel,Germany,8,11,75.53
Brennerei E. & R. Brasch,Germany,3,1,65
Brennerei Ehringhausen,Germany,2,2,83
Brennerei Eiger,Switzerland,1,1,84
Brennerei Feller,Germany,24,83,78.15
Brennerei Friz,Germany,1,1,50
Brennerei Grogg,Switzerland,0,0,0
Brennerei Gruel,Germany,22,65,70.35
Brennerei Hack,Germany,3,0,0
Brennerei Henrich,Germany,41,80,71.47
Brennerei Höck,Austria,1,1,60
Brennerei Höhler,Germany,46,59,60.98
Brennerei Hubertus Vallendar GmbH & Co. KG,Germany,3,9,72.28
Brennerei Hübner,Germany,1,1,72
Brennerei Kramer,Switzerland,6,6,78.78
Brennerei L. Psenner,Italy,2,17,67.2
Brennerei Lanz,Switzerland,2,2,77.5
Brennerei Lettner,Germany,2,0,0
Brennerei Liebl,Germany,82,149,70.84
Brennerei Lippert,Germany,2,0,0
Brennerei Ludwig Faber,Germany,1,5,26.33
Brennerei Mühlenthal,Germany,1,0,0
Brennerei Roder,Germany,2,3,75
Brennerei Roman Kraus,Austria,1,0,0
Brennerei Roßmann,Germany,7,5,77.5
Brennerei Schwab,Switzerland,26,17,81.4
Brennerei Sigel,Germany,4,1,38
Brennerei Spielberger,Germany,1,0,0
Brennerei Stalder,Switzerland,1,0,0
Brennerei Stapf,Germany,1,0,0
Brennerei Steinlein,Germany,1,0,0
Brennerei Volker Theurer im Gasthof Lamm,Germany,7,13,76
Brennerei Weippert,Germany,1,0,0
Brennerei Wild,Germany,2,20,72.97
Brennerei Ziegler,Germany,44,322,80.26
Brennerei Zürcher,Switzerland,15,21,80.65
Brennerei-Waldkircher,Germany,3,0,0
BrennerEy,Germany,1,1,70
Breuckelen Distilling,United States,7,12,74.75
Brickway Distillery,United States,1,0,0
Broad Branch Distillery,United States,2,0,0
Broadbent,United States,1,0,0
Bröderna Bommen Bränneri,Sweden,3,2,80
Broger,Austria,13,50,62.8
Broken Bones Whisky,Slovenia,7,1,86
Broombrae Distillery,Scotland,0,0,0
Brora,Scotland,264,9340,89.8
Brother Justus Whiskey Co.,United States,3,0,0
Brouwerij & Alcoholstokerij Wilderen,Belgium,26,59,74.5
Brouwerij de Molen,Netherlands,2,22,60.94
Brouwerij Klein Duimpje,Netherlands,2,4,78.5
Brouwerij Pirlot Stokerij,Belgium,13,45,76
Browar Ciechan,Poland,2,3,70.67
Brown-Forman Distillery,United States,151,344,83.17
Bruckners Erz Bräu,Austria,3,2,76.5
Brugse Whisky Company,Belgium,10,44,86.91
Bruichladdich,Scotland,3362,79418,86.73
Brûlerie du Revermont,France,2,2,75.5
Brunschwiler Brennerei,Switzerland,12,6,75.5
Buffalo Trace Distillery,United States,2535,7162,84.88
Bull Run Distilling Co.,United States,35,4,77.67
Bulleit Distilling Co.,United States,16,509,78.57
Bully Boy Distillers,United States,7,5,83.75
Bunnahabhain,Scotland,3163,55100,86.46
Burgdorfer,Switzerland,8,6,70.17
Burger Hofbrennerei,Germany,2,3,78.33
Burke's Distillery,Ireland,3,0,0
Burnside Distillery,Scotland,0,0,0
Burren Distillers,Ireland,0,0,0
Burwood Distillery,Canada,2,1,64
Bus Whisky Distillers,Netherlands,11,63,81.04
Bushmills,Ireland,419,6449,83.25
C. W. Falckenthal Söhne,Germany,2,0,0
Cadushy Distillery,Netherlands Antilles,3,10,63.92
Caiseal Beer & Spirits Co.,United States,2,0,0
Caldera Distilling,Canada,4,4,77.75
Caledonian,Scotland,94,830,87.26
Caledonian Distillery,Scotland,0,0,0
Cali Distillery,United States,2,0,0
Calvados Pierre HUET,France,0,0,0
Cambus,Scotland,237,1901,86.14
Cameronbridge,Scotland,294,2363,85.58
Camp 1805,United States,2,0,0
Campbeltown Distillery,Scotland,0,0,0
Canadian Mist,Canada,7,48,63.35
Cannon Beach Distillery,United States,0,0,0
Canterbury Brewers & Distillers,United Kingdom,0,0,0
Caol Ila,Scotland,4793,57439,86.81
Cape Clear Distillery,Ireland,0,0,0
Caperdonich,Scotland,529,7617,87.77
Carbon Glacier Distillery,United States,3,0,0
Cardhu,Scotland,180,4232,81.94
Cardrona Distillery,New Zealand,7,34,85.19
Carolina Moon Distillery,United States,3,0,0
Carsebridge,Scotland,107,890,87.88
Cascade Hollow Distillery,United States,91,423,81.54
Cascade Peak Spirits,United States,2,0,0
Castle & Key,United States,2,1,86
Cathead Distillery,United States,4,1,73
Catoctin Creek Distillery,United States,33,93,82.54
Catskill Distilling Company,United States,10,9,79.93
Cave de la Crausaz,Switzerland,4,3,76.75
Cedar Ridge Winery & Distillery,United States,23,52,79.79
Central City Brewers + Distillers,Canada,4,2,83
Central Standard Craft Distillery,United States,1,0,0
ch Distillery,United States,1,0,0
Chambers Bay Distillery,United States,2,0,0
Chankaska Spirits,United States,1,2,83.5
Charbay Distillery & Winery,United States,13,14,86.06
Charles Medley Distillery,United States,38,27,85.14
Charleston Distilling Co.,United States,1,0,0
Chase Distillery,United Kingdom,0,0,0
Chateau du Breuil,France,3,19,78.38
Chattanooga Whiskey,United States,27,5,81.75
Chicago Distilling Co.,United States,1,0,0
Chichibu,Japan,437,5506,88.59
Chicken Cock Distilleries,United States,13,10,73.43
Chicken Hill,Switzerland,15,11,78.56
Chief's Son Distillery,Australia,20,7,82.3
Chita,Japan,31,600,84.85
Chugoku Jozo,Japan,17,397,80.39
Churfirsten Brennerei,Switzerland,1,2,74
Circumstance Distillery,United Kingdom,6,0,0
CIRKA Distilleries,Canada,3,3,85.33
Clara Hof Destillerie,Germany,1,2,68
Clear Creek Distillery,United States,22,110,82.45
Cleveland Whiskey,United States,31,89,82
Cley Distillery,Netherlands,22,94,80.93
Clonakilty Distillery,Ireland,34,165,82.6
Clutha Distillery,Scotland,0,0,0
Clynelish,Scotland,2080,35608,86.84
Coleburn,Scotland,97,1014,86.84
Coleraine Distillery,Ireland,3,10,82.44
Coles Distillery,United Kingdom,3,0,0
Collier and McKeel,United States,2,1,72
Colorado Gold Distillery,United States,4,2,76
Conecuh Ridge Distillery,United States,18,20,79.29
Connacht Distillery,Ireland,15,54,83.58
Continental Distillers,Australia,1,0,0
Convalmore,Scotland,137,1783,87.04
Cooley,Ireland,553,7339,81.66
Cooper King Distillery Ltd.,United Kingdom,8,0,0
Cooperstown Distillery,United States,9,3,72
Copeland Distillery,Ireland,0,0,0
Copenhagen Distillery,Denmark,3,2,89.5
Copper Fiddle Distillery,United States,0,0,0
Copper Fox Distillery,United States,23,90,70.02
Copper Rebublic Distilling,South Africa,1,1,84
Copper Rivet Distillery,United Kingdom,6,25,84.66
Copper Run Distillery,United States,1,0,0
Coppersea Distilling,United States,13,6,82.25
Copperworks Distilling Co.,United States,18,18,84.12
Corby Spirit and Wine Ltd.,Canada,55,556,82.49
Corio,Australia,1,11,86
Cornelius Pass Roadhouse Distillery,United States,2,0,0
Corowa Distilling Co.,Australia,24,3,90.75
Corra Linn Distillery,Australia,4,0,0
Corry (Broadford),Scotland,0,0,0
Corsair Artisan Distillery,United States,47,90,76.96
Cotswolds Distillery,United Kingdom,86,618,82.13
Cradle Mountain,Australia,12,81,84.03
Craft Distillers,United States,10,1,55
Craft Works,Australia,8,1,75
Crafty Distillery,Scotland,0,0,0
Cragganmore,Scotland,705,7485,85.08
Craigellachie,Scotland,1058,9160,84.78
Craywinckelhof,Belgium,0,0,0
Creag Dearg Distillery,Germany,1,3,88
Crooked Water Spirits,United States,6,0,0
Cut Spike Distillery,United States,2,4,85.75
Cutler's Artisan Spirit,United States,2,0,0
Cutwater Spirits,United States,12,5,85.5
Czeglédi Pálinkafőzde,Hungary,1,2,58.5
Czernys Küstendestillerie,Germany,0,0,0
Dà Mhìle Distillery,United Kingdom,14,10,75.5
Dachstein Destillerie Mandlberggut,Austria,7,20,58.88
Daftmill,Scotland,31,1387,88.48
Daill,Scotland,0,0,0
Dailuaine,Scotland,899,9538,85.17
Dakota Spirits Distillery L.L.C.,United States,2,0,0
Dalaruan Distillery,Scotland,4,4,82
Dalintober Distillery,Scotland,0,0,0
Dallas Dhu,Scotland,338,2441,87.81
Dallas Distilleries Inc.,United States,3,3,71.5
Dalmore,Scotland,824,13532,85.4
Dalmunach,Scotland,30,168,84.22
Dalwhinnie,Scotland,174,5750,83.04
Dambachler,Austria,1,0,0
Dancing Cows Distillery,United Kingdom,3,4,84.84
Dancing Goat Distillery,United States,1,0,0
Dancing Pines Distillery,United States,1,1,85
Dark Corner Distillery,United States,6,0,0
Dark Horse Distillery,United States,4,2,80
Dartmoor Whisky Distillery,United Kingdom,16,14,83.07
De Graal,Belgium,4,14,77.03
De Schans,Netherlands,0,0,0
De Tweekoppige Phoenix,Netherlands,6,12,73.33
Deanston,Scotland,447,11615,85.28
Death's Door Distillery,United States,2,2,74
Deception Distilling,United States,1,0,0
Deerhammer,United States,12,0,0
Deheck,Germany,3,1,81
Dehner Distillery,United States,5,0,0
Delaware Phoenix Distillery,United States,5,1,79
Denning's Point Distillery,United States,3,0,0
Destileria Ayutla,Mexico,2,0,0
"Destileria Limtuaco & Co., Inc.",Philippines,6,11,23.11
Destilería y Bodega Abasolo,Mexico,2,10,73.5
"Destilerías Aldea, S.L.",Spain,5,10,79.25
Destilerías Liber,Spain,32,109,82.02
Destilerías Y Crianza,Spain,33,155,73.26
Destilérka Svach,Czech Republic,35,196,83.78
Destillate Siegfried Herzog,Austria,1,3,63.33
Destille Kaltenthaler,Germany,4,6,49.5
Destillerie A. Jobst,Germany,20,32,76.54
Destillerie Borchert,Germany,2,3,84
Destillerie Egnach,Switzerland,3,21,81.81
Destillerie Farthofer,Austria,7,5,73.38
Destillerie Gößwein,Germany,5,7,52
Destillerie Günter Busch,Germany,4,4,82.5
Destillerie Hirtner,Austria,3,1,50
Destillerie Parzmair,Austria,1,0,0
Destillerie Puchas,Austria,2,3,70.5
Destillerie Ralf Hauer,Germany,26,94,84.11
Destillerie Rieger & Hofmeister,Germany,10,1,59
Destillerie Rogner,Austria,11,7,69.1
Destillerie Wilhelm Behr,Germany,2,0,0
Destilleriet Als,Denmark,0,0,0
Destylarnia Piasecki,Poland,1,3,71
Det Norske Brenneri,Norway,11,87,83.23
Detroit City Distillery,United States,8,2,77
Devil's Distillery,Australia,30,8,83.88
Devils River,United States,11,0,0
deVine Spirits,Canada,3,0,0
Didier Barbe Entreprise,France,1,1,81
Die Kleinbrennerei Rackelmann,Germany,2,1,82
Die kleine Destillerie,Germany,7,5,82.4
Diesdorfer,Germany,5,1,70
Dietrich,Austria,1,1,80
Difrulux - Distillerie Luxembourg Sàrl,Luxembourg,0,0,0
Dillon's Small Batch Distillers,Canada,5,4,73.67
Distilleerderij Alambik,Netherlands,11,32,75.03
Distilleerderij De Bronckhorst,Netherlands,6,5,83.34
Distilleerderij De Lepelaar,Netherlands,30,124,78.47
Distilleerderij Horstman,Netherlands,13,33,77.83
Distilleerderij Keuris,Netherlands,1,15,77.67
Distillerie Castan,France,21,29,80.39
Distillerie Charlier & Fils,France,1,0,0
Distillerie Cherry-Rocher,France,2,1,81
Distillerie Claeyssens de Wambrechies,France,10,26,68.54
Distillerie de Bercloux,France,10,11,74.95
Distillerie de Biercée,Belgium,2,7,76.63
Distillerie de la Quintessence,France,1,0,0
Distillerie de Laguiole,France,4,4,81.25
Distillerie de Monsieur Balthazar,France,3,15,71.37
Distillerie de Paris,France,6,7,64.67
Distillerie des Bughes,France,1,0,0
Distillerie des Menhirs,France,20,200,80.55
Distillerie d'Hautefeuille,France,2,1,82
Distillerie Diedenacker,Luxembourg,15,55,77.32
Distillerie d'Isle-de-france,France,0,0,0
Distillerie Dreum,France,1,1,73
Distillerie du Castor,France,1,2,68.5
Distillerie du Pays d'Othe,France,3,6,73
Distillerie du Périgord,France,3,18,73.26
Distillerie du Risoux,Switzerland,1,0,0
Distillerie du St. Laurent,Canada,2,0,0
Distillerie du Vercors,France,6,24,84.63
Distillerie Ergaster,France,5,4,80.5
Distillerie Georges Lacroix,France,1,2,80
Distillerie Grallet-Dupic,France,34,184,80.45
Distillerie Janot,France,2,3,63.67
Distillerie La Roche aux Fées,France,2,3,84.25
Distillerie La Rouget de L'Isle,France,9,16,85.86
Distillerie Lambicool,Belgium,1,4,82
Distillerie Mabillot,France,0,0,0
Distillerie Mavela,France,20,102,71.37
Distillerie Meyer,France,7,49,77.81
Distillerie Moutard,France,3,3,77.67
Distillerie Muller-Lemmer,Luxembourg,4,12,76.21
Distillerie Seetal GmbH,Switzerland,3,0,0
Distillerie Theo Preiss,France,3,4,73.67
Distillerie Turin,France,2,3,84.5
Distillery 291,United States,11,7,80.29
Distillery Krauss,Austria,2,2,82.5
Distillery Krucefix,Slovenia,2,2,42
DIWISA Distillerie Willisau SA,Switzerland,1,1,80
Dixon’s Distilled Spirits,Canada,4,0,0
Do Good Distillery,United States,1,2,78.5
Dobson's,Australia,5,5,78.5
Doc Porter's Distillery,United States,2,17,83.13
Dogfish Head Distillery,United States,3,0,0
Dolleruper Destille,Germany,9,25,69.19
Domaine de Bourjac,France,1,2,71
Domaine des Hautes Glaces,France,43,124,81.15
Don Michael,Peru,1,0,0
Don Quixote Distillery,United States,2,4,79
Donner-Peltier Distillers,United States,2,0,0
Door County Distillery,United States,1,0,0
Dornoch Distillery,Scotland,8,66,84.89
Downslope Distilling,United States,3,0,0
Doz de Dauzanges,France,2,2,65
Dr. Clyde,Belgium,1,0,0
Drentsche Schans,Netherlands,11,86,80.61
Dresdner Whisky Manufaktur,Germany,0,0,0
Drexler,Germany,47,40,72.4
Driftless Glen,United States,11,0,0
Drilling,Germany,1,2,80
Drumlin Distillery,Netherlands,1,0,0
Drumore Distillery,Scotland,0,0,0
Dry County Distillery,United States,4,0,0
Dry Fly Distilling,United States,23,96,81.74
Dubh Glas Distillery,Canada,1,0,0
Dueling Barrels Brewery & Distillery,United States,1,0,0
Dufftown,Scotland,432,4903,84.24
Dumbarton,Scotland,96,604,86.31
Dundalk Distillery,Ireland,0,1,78
Dundashill,Scotland,1,0,0
Durango Craft Spirits,United States,2,2,73
Durham Distillery,United Kingdom,0,0,0
DÜRR Edelbranntweine GmbH,Germany,7,9,81.08
Duvel Moortgat Brouwerij,Belgium,7,85,68.92
Dyrehøj Vingård,Denmark,1,4,74.25
Eagle Distillery,United States,0,0,0
Eaglesburn Distillery,Netherlands,13,109,82.85
East London Liquor Company,United Kingdom,7,14,81.68
Eastside Distilling,United States,21,11,80
Eau Claire Distillery Ltd.,Canada,8,6,81.17
Echlinville Distillery Ltd.,Ireland,3,149,82.81
Eckerts,Germany,3,3,82
Edelbrände Alexander Biselli,Germany,1,1,80
Edelbrände Preiser,Germany,2,1,87
Edelbrände Senft,Germany,19,90,75.04
Edelbrandwein-Brennerei Ewald Rau,Germany,1,0,0
Edelbrennerei Bischof GBR,Germany,3,10,61.85
Edelbrennerei Dieter Stenger,Germany,7,3,82.67
Edelbrennerei Dirker,Germany,9,8,77.88
Edelbrennerei Gierer,Germany,1,0,0
Edelbrennerei Haas,Germany,18,18,72.06
Edelbrennerei Mück,Germany,4,5,80.17
Edelbrennerei Schloss Neuenburg,Germany,16,17,80.58
Edelobst & Whiskydestille Höning,Germany,8,12,82
Eden Mill,Scotland,43,247,81.72
Edgefield Distillery,United States,9,4,79
Edradour,Scotland,1442,18848,84.53
Egilse Whisky Destillerie,Austria,2,3,84.25
Eifel Destillate,Germany,67,173,82.1
Eifel-Destillerie J.P.Schütz,Germany,1,2,82
Eigashima Shuzo,Japan,120,1002,83.23
Eimverk Distillery,Iceland,70,316,72.34
Einar's Distillery - Føroya Bjór,Faroe Islands,3,9,85
Eleven Wells Spirit,United States,11,2,67.5
Elkins Colorado Whisky,United States,2,0,0
Ellensburg Distillery,United States,2,0,0
"Emperador Distillers, Inc.",Philippines,1,3,52
Enghaven,Denmark,4,13,75.88
English Spirit Distillery (main distillery),United Kingdom,1,0,0
English Spirit Distillery (Old Salt Depot),United Kingdom,7,5,87.13
English Spirit Distillery (Treguddick Manor),United Kingdom,0,0,0
Erismann,Switzerland,3,3,79.5
Erongo Mountain Winery,Namibia,1,17,76.53
Eschenbräu,Germany,13,19,71.59
Etter,Switzerland,23,42,82.15
Evan William Bourbon Experience,United States,1,0,0
Exeter Distillery & Fat Pig Brewery,United Kingdom,0,0,0
Exeter Distillery (The Fat Pig),United Kingdom,1,1,69
Ezra Cox Distillery,United States,1,0,0
Faer Isles Whisky,Faroe Islands,0,0,0
Falkirk Distillery Company,Scotland,0,0,0
Fallstein Destillerie (Demmel & Cie.),Germany,9,7,65.38
Familie Franz Lauritsch,Austria,1,0,0
Familienbrauerei Bauhöfer - Ulmer,Germany,2,1,84
Fannys Bay Distillery,Australia,35,9,88.76
Farny Destillerie,Germany,3,2,81.5
Faro Whisky Distillery,Germany,0,0,0
Fary Lochan,Denmark,55,179,81.27
Feinbrennerei Sasse,Germany,4,9,79.19
Feinbrennerei Simon's,Germany,16,58,75.15
Feiner Kappler,Germany,2,5,85.42
Feingeisterei,Germany,0,0,0
Feisty Spirits Distillery,United States,3,0,0
fesslermill 1396,Germany,20,19,61.93
Fettercairn,Scotland,560,5449,83.97
FEW Spirits,United States,59,269,83.03
Fifth State Distillery,United States,2,0,0
Filibuster Distillery,United States,13,9,79.73
Finch Whiskydestillerie,Germany,60,345,78.57
Finger Lakes Distilling,United States,30,46,79.08
Firestone & Robertson Distilling Co.,United States,2,18,77.68
Fisselier,France,1,0,0
Five & 20,United States,2,0,0
Five Points Distilling,United States,6,13,86.04
Flag Hill Distillery,United States,2,0,0
Flat Rock Spirits Distillery,United States,1,1,80
Fleurieu Distillery,Australia,23,17,82.87
Florida Caribbean Distillers,United States,4,0,0
Florida Farm Distillers,United States,2,10,71.84
Fogs's End Distillery,United States,1,1,69
Foothills Distillery,United States,3,14,81.08
Forgan Distillery Ltd.,United Kingdom,11,5,75.67
Forschungs- und Lehrbrennerei der UNI Hohenheim,Germany,5,1,50
Forty Creek,Canada,28,148,80.32
Fossey's Distillery,Australia,4,0,0
Four Roses Distillery,United States,1265,1980,83.05
Franken Bräu Riedbach,Germany,3,1,70
Frankfort Distillery Inc.,United States,5,6,86.08
Franklin County Distilleries,United States,2,0,0
Franz Kostenzer,Austria,20,26,65.89
Franz Stettner & Sohn GmbH,Germany,1,4,82.5
Franziska - Die Brennerin,Germany,3,10,78.86
Franzlahof,Austria,1,1,72
Freeland Spirits,United States,1,0,0
Fremont Mischief Distillery,United States,8,5,66.38
Frey Ranch,United States,7,0,0
Frongoch Distillery,United Kingdom,1,0,0
Fugitives Spirits,United States,6,0,0
Fuji Gotemba,Japan,94,393,84.63
Fukano Distillery,Japan,11,6,85.4
Furneaux,Australia,4,4,81.5
G. Miclo,France,16,69,81.51
Gammelstilla Whisky,Sweden,28,34,84.13
Garnheath,Scotland,36,321,87.57
Garrison Brothers Distillery,United States,46,94,85.88
Gartbreck Distillery,Scotland,0,0,0
Gasthof Dinkel,Germany,1,1,83
Gasthof Hirsch,Germany,1,2,56.5
Geiger Destillerie & Imkerei,Germany,13,22,76.71
GeistReich Feindestillerie,Germany,1,0,0
Gelephu Distillery,Bhutan,9,11,72.9
Gemenc,Hungary,11,10,75.67
George Washington's Grist Mill and Distillery,United States,3,4,62.5
Georgia Distilling Company,United States,4,0,0
Gerhard Büchner,Germany,11,39,71.26
Gerlachus Bierbrouwerij en Whiskystokerij,Netherlands,19,11,68.13
Ghost Coast Distillery,United States,4,0,0
Gibson Canadian Distillery LTD.,Canada,3,4,83.75
Gilbert Holl,France,3,4,80.67
Gimli,Canada,2,3,80
Ginebra San Miguel Inc.,Philippines,1,0,0
Girvan,Scotland,246,1960,83.75
Glacier Distilling,United States,5,2,68
Glann ar Mor,France,109,736,84.99
Glen Albyn,Scotland,181,1406,87.59
Glen Elgin,Scotland,620,8761,86.24
Glen Els,Germany,293,5047,86.21
Glen Flagler,Scotland,40,334,84.25
Glen Garioch,Scotland,770,13815,85.82
Glen Grant,Scotland,1709,19453,87.09
Glen Keith,Scotland,576,8960,86.94
Glen Kella,United Kingdom,11,14,69.42
Glen Mhor,Scotland,236,2098,87.26
Glen Moray,Scotland,1358,13197,85.28
Glen Nevis Distillery,Scotland,0,0,0
Glen Ord,Scotland,470,6009,85.37
Glen Scotia,Scotland,863,12562,85.51
Glen Spey,Scotland,314,2691,84.22
Glenallachie,Scotland,859,15638,85.57
Glenburgie,Scotland,796,8716,86.05
Glencadam,Scotland,406,4839,85.79
Glendalough Distillery,Ireland,80,833,80.99
Glendree Distillery,Ireland,0,0,0
Glendronach,Scotland,1539,61427,88.02
Glendullan,Scotland,303,3329,84.07
Glenesk,Scotland,96,1180,87.01
Glenfarclas,Scotland,2188,46105,87.82
Glenfiddich,Scotland,1191,23103,84.92
Glenfoyle,Scotland,1,0,0
Glenfyne (Glendarroch Glenglip),Scotland,1,4,92.5
Glenglassaugh,Scotland,564,14063,87.32
Glengoyne,Scotland,985,21071,86.08
Glengyle,Scotland,178,10780,85.74
Glenkinchie,Scotland,182,3902,83.02
Glenlivet,Scotland,2222,26722,86.26
Glenlochy,Scotland,112,1532,89.96
Glenlossie,Scotland,628,6406,86.15
Glenmorangie,Scotland,843,25560,84.77
Glenmore Distilleries Co.,United States,29,50,84.18
Glenns Creek Distilling,United States,4,2,85.5
Glenora Distillery,Canada,41,169,72.49
Glenramskill Distillery,Scotland,0,0,0
Glenrothes,Scotland,1802,23182,86.24
Glenside Distillery,Scotland,0,0,0
Glentauchers,Scotland,834,7821,85.67
Glenturret,Scotland,641,7021,85.44
Glenugie,Scotland,132,1332,88.93
Glenury Royal,Scotland,120,2284,88.83
GlenWyvis Distillery,Scotland,4,2,77
Glina Whisky,Germany,63,139,75.91
Goalong Liquor,China,6,20,78.87
Godet Frères Cognac,France,4,5,78.78
Golden Distillery,United States,2,0,0
Golden Moon Distillery,United States,11,52,84.63
Gölles,Austria,3,8,78
Gooderham & Worts,Canada,1,11,86.5
Goodridge & Willams,Canada,3,0,0
Gortinore Distillers & Co.,Ireland,0,7,85.2
Gotland Whisky,Sweden,15,80,83.57
Gourmet Berner GmbH & Co. KG,Germany,3,3,74
Graanbranderij De IJsvogel,Netherlands,24,109,76.71
Graanstokerij Filliers,Belgium,45,243,73.18
Grand Traverse Distillery,United States,3,7,81.59
GrandTen Distilling,United States,1,1,70
Granit Destillerie,Austria,3,4,20.75
Graton Distilling Co.,United States,3,2,79
Great Lakes Distillery,United States,10,4,80.83
Great Northern Distilling,United States,3,1,81
Great Outback,Australia,3,13,71.91
Great Southern Distilling Company,Australia,60,53,79.83
Great Wagon Road Distilling Company,United States,2,8,87.8
Green River Distillery,United States,1,0,0
Green River Distillery,United States,0,0,0
Greenbar Distillery,United States,4,1,75
Greenbrier,United States,3,1,81
Griffin Ranch Micro Distillery,United States,1,0,0
Griffo Distillery,United States,6,5,40.33
Grumsiner Brennerei G.m.b.H.,Germany,2,3,68.75
Grüner Baum,Germany,2,2,46.5
Grythyttan,Sweden,66,208,83.85
Guglhof,Austria,17,33,70.61
Guillon,France,28,96,76.02
Gulf Coast Distillers,United States,2,0,0
Gute Destilleri,Sweden,3,12,76.95
Gutshof Andres,Germany,1,0,0
Gyokusendo Shuzo,Japan,2,1,78
H.Clark Distillery,United States,2,0,0
Habbel's Destillerie & Brennerei,Germany,20,77,71.9
Hafendestillerie und Brauerei,Germany,5,16,71.14
Hagen-Rühli,Switzerland,12,8,80.47
Hakushu,Japan,187,2762,87.62
Halber Mond,Germany,6,4,81.17
Hali'imaile Distilling Co.,United States,2,1,77
Hamilton Distillers,United States,19,24,81.67
Hanson of Sonoma Distillery,United States,1,0,0
Hanyu,Japan,190,3194,87.77
Harald Keckeis,Austria,5,14,71.38
Hard Truth Distilling,United States,1,0,0
Hardenberg Distillery,Germany,9,22,75.21
Hart Family Brewers,United Kingdom,1,0,0
Hartfield & Co.,United States,2,0,0
Hartges Kornbrennerei GmbH & Co. KG,Germany,1,0,0
Hausbrauerei Altstadthof,Germany,55,180,82.16
Hausbrennerei Hettig,Germany,1,4,69.5
Hawkshead Brewery,United Kingdom,1,0,0
Hazelburn Distillery,Scotland,2,0,0
Headframe Spirits,United States,2,0,0
Headlands Distilling Co.,Australia,2,2,85
Healeys Cornish Cyder Farm,United Kingdom,11,6,82.5
"Heaven Hill Distilleries, Inc.",United States,4265,5541,83.65
Helios Distillery,Japan,9,74,76.65
Hellyers Road Distillery,Australia,54,399,83.62
Henry Farms Prairie Spirits,United States,10,2,82.5
Henstone Distillery Ltd.,United Kingdom,3,8,81.25
Hepp,France,46,95,77.58
Hercynian Distilling Co. / Hammerschmiede,Germany,107,1688,88
Heritage Distilling Co.,United States,14,4,79.25
Hessische Spezialitätenbrennerei-Behlen GmbH,Germany,2,2,80.5
Hiebl Destillerie,Austria,1,0,0
Hierber Brennerei,Luxembourg,4,15,75.04
High Coast Distillery,Sweden,89,459,85.76
High West Distillery,United States,191,501,84.78
High Wire Distilling Co.,United States,4,0,0
HighGlen Whisky Distillery,Switzerland,24,11,77.89
Highland Distillery,Scotland,0,0,0
Highland Park,Scotland,2853,48411,87.31
Highspire Whiskey,United States,1,0,0
Highwood Distillers,Canada,21,52,80.71
Hillrock Estate Distillery,United States,8,24,82.79
Hill's Liquere,Czech Republic,4,0,0
Hillwood,Australia,4,1,80
Hinch Distillery Co.,Ireland,0,0,0
Hinrichsen's,Germany,1,0,0
Hinricus Noyte's Spirituosen,Germany,20,100,82.01
Hiram Walker,Canada,128,428,78.14
Hoffman Distillery / Old Commonwealth Distillery,United States,3,0,0
Höllberg Brennerei,Germany,3,8,55.56
Hollen,Switzerland,37,68,74.68
Holweger,Germany,1,1,75
Holy Distillery,Taiwan,4,0,0
Holyrood Distillery,Scotland,1,0,0
Homberg KG Weinbrennerei - Schloss Magenheim,Germany,1,0,0
Hood River Distillers Inc.,United States,14,19,77.06
Hotel Tango,United States,1,0,0
Hounds Tooth,Australia,1,0,0
Humbel Distillery,Switzerland,28,26,73.83
Hven,Sweden,25,290,82.41
Immortal Spirits & Distilling Company,United States,1,1,78
Imperial,Scotland,614,6363,86.75
InchDairnie,Scotland,3,7,87.17
Inchgower,Scotland,547,7157,85.51
Ingendael,Belgium,2,3,82.33
Invergordon,Scotland,562,6088,86.82
Inverleven,Scotland,123,756,86.12
Iron House Distillery,Australia,17,0,0
Iron Smoke,United States,3,0,0
Iron Wolf,United States,1,1,83
Ironbridge Spirit Company,United Kingdom,1,0,0
Ironclad Distillery Co.,United States,1,2,75
Ironroot Republic Distillery,United States,13,44,80
Irten'ge - Gurten Farmhouse Distillery,Switzerland,2,17,80.6
Isaiah Morgan,United States,2,0,0
Isanti Spirits LLC,United States,3,0,0
Isarnhoe Destillerie,Germany,3,7,82.17
ISFJORD,Denmark,2,2,86
Isle of Harris Distillers Ltd.,Scotland,0,0,0
Isle of Jura,Scotland,780,12684,83.79
Isle of Wight Distillery (2014 - 2018),United Kingdom,0,0,0
Isle of Wight Distillery (2018 - present),United Kingdom,0,0,0
It's 5 Artisan Distillery,United States,2,1,75
Ivy Mountain,United States,2,0,0
J et M Lehmann,France,6,34,77.99
J. Carver Distillery,United States,7,0,0
J. Rieger & Co.,United States,7,1,73
J. Riley Distillery,United States,3,0,0
J.W. Kelly & Co,United States,1,0,0
Jack Daniel's,United States,688,3651,77.83
James E. Pepper Distilling Co.,United States,10,71,83.67
James Sedgwick,South Africa,50,521,80.19
Jeptha Creed Distillery,United States,5,0,0
Jersey Spirits Distilling Co.,United States,2,1,90
JF Strothman Distillery,United States,1,0,0
Jim Beam,United States,717,5464,79.63
Joadja Distillery,Australia,14,7,85.33
Joe Morgan's Black Diamond Distillery,United States,2,0,0
Joh. B. Geuting,Germany,27,80,75.57
John Distilleries,India,149,2730,84.57
John Emerald Distilling Co.,United States,1,0,0
John's Lane (John Power) Distillery,Ireland,26,87,82.16
Jonasberg Stokerij,Belgium,1,2,72.5
Jones Road Distillery,Ireland,3,4,83.34
Jos. A. Magnus & Co.,United States,12,23,87.97
Josiah Thedford & Sons,United States,1,0,0
Journeyman Distillery,United States,65,106,84.93
Kaerilis,France,12,8,82.25
Kagoshima,Japan,6,92,86.89
Kaikyo Distillery,Japan,5,42,80.06
Kalkwijck Distillers,Netherlands,18,137,78.95
Kampen Destillateurs,Netherlands,8,8,66.28
Kanosuke Distillery,Japan,13,46,80.27
Kartveli,Georgia,3,18,73.65
Karuizawa,Japan,677,9884,88.26
Kauzen Bräu,Germany,8,22,78.63
Kavalan,Taiwan,2829,11974,87.17
Kawasaki,Japan,32,430,90.21
Kellerstrass Distillery,United States,3,0,0
Kentucky Artisan Distillery,United States,2,0,0
Kentucky Bourbon Distillers,United States,511,1332,84.62
Kentucky Peerless Distilling Co.,United States,22,9,83.05
Kern & Schweigert,Germany,2,0,0
KGB Spirits,United States,5,1,87
Khoday India Ltd.,India,4,2,76
Kilbeggan Distillery,Ireland,22,93,80.48
Kilchoman,Scotland,1042,21219,86.03
Killara Distillery,Australia,6,0,0
Killarney Distillery,Ireland,0,0,0
Killowen Distillery,Ireland,12,3,84
Killyloch,Scotland,4,52,88.08
Kimbland,Scotland,0,0,0
Kinclaith,Scotland,38,262,87.3
Kindschi Söhne AG,Switzerland,1,1,75
Kings County Distillery,United States,23,66,81.98
Kingsbarns Distillery,Scotland,34,675,84.8
Kininvie,Scotland,49,1974,83.05
Kinloch Distillery,Scotland,0,0,0
KINSIP,Canada,2,0,0
Kintyre Distillery,Scotland,0,0,0
Kinzig-Brennerei,Germany,16,56,64.31
Kiwi Spirit Distillery Ltd.,New Zealand,4,6,65.75
Klein Amerika Distillery,Netherlands,0,0,0
Kleinbrennerei Fitzke,Germany,6,14,75.58
Kleinhenz,Germany,1,0,0
Kloster Zinna,Germany,1,3,83.67
Klosterdistille Machern,Germany,2,3,73.5
Knaplund,Denmark,9,6,80.13
Knockando,Scotland,346,3312,83.97
Knockdhu,Scotland,236,5307,84.21
KO Distilling,United States,5,1,85
Koenig Distillery and Winery,United States,2,3,83
Kohler Hofladen,Germany,1,2,70
Ko'olau,United States,1,7,77.5
Köppel Brennerei,Germany,0,0,0
Kord Distillery,Czech Republic,2,0,0
Kornbrennerei August Dinsing,Germany,1,0,0
Kornbrennerei Böckenhoff GmbH & Co. KG,Germany,3,0,0
Kornbrennerei Gerhard Wagner,Germany,6,6,64
Kornbrennerei J.J. Kemper,Germany,17,50,77.13
Kornbrennerei Wollbrink,Germany,1,0,0
KOVAL Distillery,United States,107,347,78.71
Kozuba & Sons Distillery,United States,2,0,0
Krobār Craft Distillery,United States,4,0,0
Kuenz Naturbrennerei,Austria,6,19,83.18
"Kumesen Distillery Co., Ltd.",Japan,9,24,88.77
Kümin Weinbau,Switzerland,5,14,74.5
Kymsee Whisky,Germany,18,38,78.75
Kyrö Distillery Company,Finland,26,107,80.89
La Alazana,Argentina,5,3,86
La Piautre,France,1,1,83
Ladyburn,Scotland,90,795,87.8
Lagavulin,Scotland,605,34465,88.07
Lagg,Scotland,6,27,80.48
Lagler,Austria,4,9,81.38
Lake George Distilling Co.,United States,6,2,77.5
Lamas Destilaria,Brazil,9,9,73
Langatun,Switzerland,258,563,81.65
Länna Bruk Dryckeshandel,Sweden,0,0,0
Laphroaig,Scotland,2964,67641,87.47
Lark Distillery,Australia,164,141,83.78
Las Vegas Distillery,United States,16,32,80.44
Last Mountain Distillery,Canada,5,4,77.5
Last Straw Distillery,Canada,2,1,91
Launceston,Australia,19,5,74.88
Lautergold,Germany,1,2,85
Lava Bräu Braumanufaktur,Austria,22,8,55.38
Lawrenceburg Distillery,United States,25,85,83.42
Lawrenny Distilling,Australia,1,0,0
Laws Whiskey House,United States,30,9,81.71
Lebe & Geniesse - Langenrohr,Austria,8,7,86.08
Lechtaler Haussegen,Austria,2,0,0
Lee Spirits Co.,United States,1,0,0
Legent Distilling Co.,United States,2,116,84.16
Leopold Bros,United States,10,9,56.64
Lexington Brewing and Distilling Co.,United States,11,40,83.64
Liberty Call Distillery,United States,1,0,0
Likörfabrik Mikolasch,Austria,1,0,0
Limestone Branch Distillery,United States,27,85,85.94
Linkwood,Scotland,1791,14014,86
Litchfield Distillery,United States,6,8,84
Littlemill,Scotland,635,15064,87.14
Lo Artisan Distillery,United States,1,0,0
Lobangernich,Germany,5,11,74.86
Loburger Brennereimanufaktur,Germany,4,0,0
Loch Brewery & Distillery,Australia,7,0,0
Loch Ewe Distillery,Scotland,13,13,69.59
Loch Lomond,Scotland,1005,9996,83.43
Lochhead,Scotland,1,0,0
Lochindaal (Closed),Scotland,6,0,0
Lochruan Distillery,Scotland,0,0,0
Lochside,Scotland,208,4221,88.42
Lochside Distillery,Scotland,0,0,0
Lockwood Distilling Company,United States,0,0,0
Lohnbrennerei Keiser GmbH,Switzerland,7,14,82.75
London Distillers (K) Ltd.,Kenya,4,17,48.33
Lone Wolf,Scotland,0,0,0
Lonerider Spirits,United States,1,0,0
Long Island Spirits,United States,30,14,83.31
Longhorn Distillery,Germany,3,2,85.5
Longmorn,Scotland,1489,18314,87.43
Longrow Distillery,Scotland,2,1,83
Los 2 Compadres,Mexico,3,1,81
Lossit,Scotland,1,6,80.5
Lost Republic Distilling Co.,United States,4,1,88
Lost Spirits Distillery,United States,21,207,72.21
Lost State Distilling,United States,1,0,0
Lough Gill Distillery,Ireland,0,0,0
Lough Mask Distillery,Ireland,0,0,0
Lough Ree Distillery,Ireland,0,1,89
Louisville Distilling Co LLC,United States,40,212,84.89
Luca Mariano,United States,3,0,0
Lucky Bastard Distillers,Canada,4,3,79.67
Ludlow Whisky Company,United Kingdom,4,2,72.5
Lüthy,Switzerland,33,53,81.62
Lynchburg Distillery,United States,1,0,0
Lyon Distilling Co.,United States,2,0,0
M&H Whisky Distillery,Israel,88,662,82.73
Macallan,Scotland,3154,43344,88.14
Macardo,Switzerland,18,25,75.75
Macduff,Scotland,877,7011,84.93
Mackmyra,Sweden,452,5362,82.67
Mad River Distillers,United States,5,3,81.25
Mahrs Bräu,Germany,1,4,69.25
Maiden Derry Distillery,Ireland,2,0,0
Maidstone Distillery,United Kingdom,0,0,0
Maison Daucourt,France,2,1,71
Maison Du Vigneron,France,4,21,67.4
Maison Sivo,Canada,1,0,0
"Maker's Mark Distillery, Inc.",United States,286,1542,81.15
Malahats Spirits Co.,United States,2,0,0
Malibreiz,France,4,1,65
Malt Mill,Scotland,2,0,0
Mammoth,United States,4,0,0
Manifest Distilling,United States,1,0,0
Manly Spirits Co. Distillery,Australia,1,0,0
Mannochmore,Scotland,395,4294,84.51
Maraska,Croatia,2,0,0
Marder Distillery,Germany,15,40,80.22
Marillenhof - Destillerie - Kausl,Austria,8,10,74.25
Märkische Spezialitätenbrennerei,Germany,28,35,76.94
Marrowbone Lane (William Jameson),Ireland,1,0,0
Martes Santo,Spain,1,0,0
Matsui Shuzo,Japan,57,494,81.75
Matter Spirits,Switzerland,4,4,73.83
MB Roland Distillery,United States,21,6,82.5
McCashin's Brewery,New Zealand,0,0,0
McClintock Distilling Co.,United States,3,0,0
McCormick Distilling Co.,United States,11,80,74.71
McDowell's,India,7,10,48.43
McHenry Distillery,Australia,27,7,86.17
Meadowburn Distillery,Scotland,0,0,0
Meiers - Allgäuer Edelbrände,Germany,7,8,67.69
Meissener Spezialitätenbrennerei,Germany,3,6,80.17
Mellwood Distillery,United States,1,0,0
MGP,United States,85,29,88.31
Michelehof,Austria,1,0,0
Michter's Distillery,United States,443,1487,85
Micil Distillery,Ireland,4,6,83.92
Middle West Spirits,United States,8,3,71.67
Midleton (1975-),Ireland,776,15520,83.4
Mile High Spirits,United States,2,1,77
Millburn,Scotland,110,1585,88.63
Miltonduff,Scotland,944,8896,85.69
Minhas Distillery,United States,3,4,69.33
Minsk Grape Wines Factory,Belarus,1,0,0
Miscellaneous Distillery,United States,3,0,0
Mississippi River Distilling Company,United States,32,2,81
Missouri Spirits,United States,2,0,0
Miyagikyo,Japan,331,6849,85.91
Miyashita Sake Brewery,Japan,9,15,85.98
Moe Distillery,Estonia,1,0,0
"Mönchguter Hofbrennerei ""Zur Strandburg""",Germany,26,79,72.75
Monde Shuzou,Japan,8,295,64.88
Monkey Hollow Distillery,United States,1,0,0
Mont-Saint-Jean,Belgium,3,0,0
Moon Distilling,Canada,1,0,0
Moon Harbour,France,18,44,79.85
Moonshine Creek Distillery,Canada,0,0,0
Morris of Rutherglen,Australia,2,0,0
Mortlach,Scotland,1934,25161,86.17
Mosgaard Whisky,Denmark,41,149,82.03
Mossfield Distillery,Scotland,0,0,0
Mosswood Distillers,United States,5,0,0
Mosterei & Brennerei Kobelt,Switzerland,3,1,70
Mountain Dew Distillery,Scotland,0,0,0
Mountain Laurel Spirits,United States,20,80,77.96
Mountain State Distillery,United States,2,0,0
Mourne Dew Distillery,United Kingdom,8,0,0
Mt. Uncle Distillery,Australia,2,6,73.17
mühle4 - Manufaktur edler Brände,Germany,11,19,73.03
Mühlenbrennerei,Germany,1,2,84.5
Mühlhäuser,Germany,11,6,76.83
Mulindry,Scotland,0,0,0
Murree Brewery,Pakistan,8,7,32
Mwórveld Distillery B.V.,Netherlands,2,3,87
Myer Farm Distillers,United States,4,2,79.5
Myken Destilleri,Norway,15,130,83.96
Mykulynetsky Brovar,Ukraine,5,9,24.5
Mystic Farm & Distillery,United States,5,0,0
Nagahama,Japan,32,95,86.17
Naguelann,France,4,12,83.03
Nahmias et Fils,United States,4,0,0
Nant Distillery,Australia,38,50,83.68
Nantou Distillery,Taiwan,284,650,85.29
Nc'nean Distillery,Scotland,14,463,85.11
Nearest Green Distillery,United States,11,18,82.11
Nelson's Green Brier Distillery,United States,43,36,86.17
Nephin Whiskey Distillery,Ireland,0,0,0
Nestville Distillery,Slovakia,31,117,74.07
Nevada H&C Distilling Co.,United States,16,14,82.74
New Deal Distillery,United States,1,0,0
New England Distilling,United States,3,0,0
New Holland Brewing,United States,16,24,80.86
New Liberty,United States,12,0,0
New Riff Distilling,United States,52,63,87.08
New York Distilling Company,United States,14,40,78.53
Newport Craft Distilling Co.,United States,3,0,0
Newton,Scotland,0,0,0
Nibelungengold Brauerei und Destillerie,Austria,2,0,0
Nicolai & Sohn,Germany,0,0,0
Niederrhein Destille,Germany,6,9,67.9
Niigata Distillery,Japan,1,1,25
Ninkasi,France,6,10,81.83
Nishinomiya,Japan,31,360,86.84
Noble Elite Drinks,Belgium,1,3,70
Nonesuch Distillery,Australia,9,15,93.9
NORDIK Edelbrennerei,Germany,13,37,70.6
Nordisk Brænderi,Denmark,33,140,86.47
Nordlicht Destillerie,Germany,1,0,0
Nordmarkens Destilleri AB,Sweden,12,9,84
Norrtelje Brenneri,Sweden,19,32,80.67
North British,Scotland,395,2697,84.68
North of 7 Distillery,Canada,3,2,81.5
North of Scotland,Scotland,72,675,87.69
North Port,Scotland,123,1017,87.23
North Shore Distillery,United States,1,0,0
Northmaen,France,5,11,76.07
Northoff Feinbrennerei,Germany,46,300,84.23
Number Nine Spirituosenmanufaktur,Germany,57,319,82.37
Nun's Island Distillery,Ireland,2,0,0
Nyborg Distillery,Denmark,18,30,83.42
O.F.C.- Stagg Distillery,United States,3,0,0
O.Z. Tyler,United States,4,2,82
Oban,Scotland,204,6778,84.83
O'Begley Distillery,United States,2,0,0
Obstbrennerei Dirk Böckenhoff,Germany,1,3,77
Obsthof Münster - Glen Utin,Germany,0,0,0
Obst-Korn Brennerei ZAISER,Germany,13,19,73.77
Ocean King Distillers,India,3,16,78.89
Octomore (Closed),Scotland,0,10,88.17
Odd Society,Canada,2,1,84
Off The Clock Spirits,United States,1,0,0
Ohishi Distillery,Japan,14,11,80.4
Okanagan Spirits,Canada,11,2,77.5
Old Carrick Mill Distillery,Ireland,2,0,0
Old Carter Whiskey Co.,United States,42,2,87.5
Old Comber,Ireland,5,30,87.39
Old Crow Distillery,United States,23,21,81.37
Old Dominick Distillery,United States,1,0,0
"Old Elk Distilleries, LLC",United States,8,2,87.5
Old Forester Distilling Co.,United States,10,42,82.1
Old Forge Distillery,United States,3,8,85.5
Old Gamundia Whisky,Germany,3,0,0
Old Grand-Dad Distillery,United States,49,122,84.94
Old Hobart Distillery,Australia,57,71,80.94
Old Kempton Distillery,Australia,64,18,85.41
Old Line Spirits,United States,4,4,86.17
Old Midleton (1825-1975),Ireland,34,78,86.43
Old Nick Williams Co.,United States,1,6,79.67
Old Pulteney,Scotland,697,13165,85.79
Old Raven,Austria,43,160,83.95
Old Rip Van Winkle,United States,62,662,87.67
Old Sandhill,Germany,16,22,77.22
Old School Brewery,United Kingdom,2,0,0
Old Sugar Distillery,United States,1,0,0
Old Tahoe Distillery,United States,1,9,81.43
Old World Spirits,United States,3,0,0
Ole Smoky Distillery,United States,10,93,55.38
One Eight Distilling,United States,19,7,82.29
Oola Distillery,United States,12,0,0
Oppidan Spirits,United States,9,3,80
Orange County Distillery,United States,1,0,0
Orcas Island,United States,1,2,40.5
Oregon Spirit Distillers,United States,8,3,82
ORMA,Switzerland,4,2,79.5
Osuzuyama,Japan,1,0,0
Otter Craft Distilling,Australia,14,0,0
Ouche Nanon Distillery,France,1,0,0
Öufi-Brauerei,Switzerland,8,6,82.5
Ozark Distillery,United States,1,0,0
Palais Benedictine,France,0,0,0
Palírna U Zeleného stromu,Czech Republic,4,4,69.67
Palmetto Distillery,United States,4,2,85
Panimoravintola Beer Hunter's,Finland,11,23,83.45
Panimoravintola Koulu,Finland,2,2,72
Panther Distillery,United States,7,2,68.5
Parkmore,Scotland,2,1,87
Parliament Distillery,United States,2,2,50.5
Patrick Breindl,Switzerland,1,6,65
Peach Street Distillers,United States,5,5,76.33
Pearse Lyons Distillery,Ireland,28,222,79.61
Peloni,Italy,2,20,75.63
Pelter Distillery,Israel,2,4,81.5
Pemberton Distillery,Canada,7,2,82
Penderyn,United Kingdom,215,3116,83.49
Penninger,Germany,3,34,76.79
Pennington Distilling Co.,United States,10,1,85
Persse's Galway Whiskey Ltd.,Ireland,0,0,0
Peter Affenzeller,Austria,8,22,77.68
Peterseil,Austria,1,0,0
Pfanner,Austria,13,43,80.48
Pfau Brennerei,Austria,4,8,63.1
Philadelphia Distilling,United States,3,1,76
Pianta Brand,Switzerland,4,2,85
Piedmont Distillers,United States,13,7,74.4
Pierde Almas Distillery,Mexico,2,0,0
Piet van Gent - Whisky-Distillery,Netherlands,1,0,0
Pinckney Bend,United States,0,0,0
Pittermanns Destillerie,Germany,5,0,0
Pittsburgh Distilling Company,United States,26,3,79
Pittyvaich,Scotland,130,1729,85.56
Pocketful of Stones Distillers Ltd,United Kingdom,1,0,0
Popcorn Sutton Distillery,United States,3,2,67
Port Charlotte (Closed),Scotland,1,3,86.67
Port Chilkoot Distillery,United States,2,0,0
Port Dundas,Scotland,236,1860,85.78
Port Ellen,Scotland,1325,22064,89.38
Potter,Canada,10,99,84.64
Pradlo Distillery,Czech Republic,10,280,80.16
Praskoveya Winery,Russian Federation,5,6,55.58
Preuschens Edelbrandbrennerei,Germany,1,0,0
Preussische Whisky Destillerie,Germany,47,62,71.58
Prichard's,United States,14,58,80.2
Primushäusl Edelbrände,Austria,1,0,0
Prince Edward Distillery,Canada,1,0,0
Privatbrauerei Friedrich Düll,Germany,6,12,74.95
Privatbrauerei Gols GmbH,Austria,1,0,0
Prohibition Distillery,United States,3,0,0
Proof Artisan Distillers,United States,1,0,0
Puni,Italy,28,727,78.46
Qvänum Mat & Malt,Sweden,1,4,72.5
Qvarnens Brygghus,Sweden,0,0,0
R. Jelínek,Czech Republic,87,624,85.31
R.M. Rose Co. Distillers,United States,3,0,0
Raasay Distillery,Scotland,27,248,83.19
Rabbit Hole Distilling,United States,8,7,85
Rabel,Germany,8,80,62.87
Rademon Estate Distillery,Ireland,0,0,0
Radermacher,Belgium,8,78,72.96
Radico Khaitan Ltd,India,21,84,74.6
Ragged Branch,United States,46,0,0
Railean Distillers,United States,0,0,0
Ranger Creek,United States,11,29,81.05
Ransom,United States,13,16,82.26
Re:Find,United States,4,0,0
Rebecca Creek Distillery,United States,9,2,84
Red Bordner,United States,2,0,0
Red Bull Distillery (1988) Co. Ltd.,Thailand,2,6,48
Red Eagle Distillery,United States,2,0,0
Reece's Distilled Spirits LLC,United States,4,0,0
Reisetbauer,Austria,19,58,60.76
Republic Restoratives,United States,4,3,76.25
Reservoir Distillery,United States,25,61,77.47
Restless Spirits Distillery,United States,3,0,0
Revsunds Distillery,Sweden,0,0,0
Rich Grain Distilling Co.,United States,1,0,0
Rieclachan Distillery,Scotland,0,0,0
Rig Hand Distillery,Canada,0,0,0
Rittmeister Destille,Germany,2,1,72
Riverbourne Distillery,Australia,17,1,84
Robert Meisner GmbH & Co. KG,Germany,3,0,0
Rochfort Distillery,Australia,21,3,89
Rock Town Distillery,United States,43,116,82.08
Rockfilter Distillery,United States,6,0,0
Roe & Co Distillery,Ireland,0,2,81.5
Rogue Spirits,United States,9,13,81.39
Rose Valley Feinbrand Manufaktur,Germany,5,14,78.63
Rosebank,Scotland,667,5426,86.81
Roseisle,Scotland,4,244,82.09
Rosenbrennerei Einbach,Germany,1,1,65
Roser,Germany,1,2,53.5
Rothaus,Germany,30,177,76.7
RoughStock,United States,18,89,72.13
Royal Brackla,Scotland,542,3244,84.41
Royal Brewhouse,Indonesia,4,5,73.78
Royal Irish Distilleries,Ireland,5,0,0
Royal Lochnagar,Scotland,220,2945,84.44
Royal Oak Distillery,Ireland,8,44,81.16
Rugenbräu,Switzerland,68,146,83.3
Ryan & Wood Distilleries,United States,1,0,0
Sächsische Spirituosenmanufaktur,Germany,3,13,76.94
Sacred Spirits,United Kingdom,0,0,0
Safe House Distilling Co.,United States,1,0,0
Sagamore Spirit Distillery,United States,62,61,81.76
Saint James Spirits,United States,1,0,0
Sakurao,Japan,2,13,79.18
Sall Whisky Distillery,Denmark,2,2,85
Salm Bräu,Austria,1,1,74
Sammerhof,Austria,5,7,80.53
Samuel Smith & Son,Australia,12,6,82.42
San Diego Distillery,United States,5,0,0
San Diego Sunshine Craft Spirits,United States,5,0,0
Santa Fe Spirits,United States,11,35,81.24
Santamanía Destilería Urbana,Spain,2,1,82
SanTan Spirits,United States,3,0,0
Säntisblick Destillerie Ltd.,Switzerland,7,18,55.83
Sas Distilleries B.V.B.A.,Belgium,2,8,88
Sasanokawa Shuzo,Japan,42,284,86.03
Sauerländer Edelbrand GmbH,Germany,33,167,83.27
Savage & Cooke,United States,4,1,84
Saxa Vord,Scotland,4,14,83.22
Scapa,Scotland,418,4341,84.76
Schäffler Bräu,Germany,2,5,80.67
Scheibel Mühle,Germany,7,50,80.35
Schlitzer Korn- & Edelobstbrennerei GmbH,Germany,26,58,70.06
Schloss Marienburg - Spirituosenwerke - Heinrich Nagel KG,Germany,1,0,0
Schlossbrauerei Autenried GmbH,Germany,1,2,76
Schmalwieser,Austria,3,0,0
Schwane Destillerie,Germany,5,14,82.9
Scissortail Distillery,United States,3,0,0
Scriptor Brennerei,Germany,10,8,72.69
Seacrets Distilling Co.,United States,1,0,0
Seattle Distilling,United States,1,0,0
Second Chance Spirits,United States,2,0,0
Sempione Distillery,Switzerland,5,10,79.42
Seppelbauer,Austria,3,0,0
Seven Brothers,United States,2,1,81
Seven Seals,Switzerland,2,37,70.08
Seven Stills,United States,13,23,81.21
Seven Three Distilling Company,United States,2,0,0
Shelter Distilling,United States,1,0,0
Shelter Point Distillery,Canada,25,32,84.03
Shene Estate & Distillery,Australia,28,1,91
Shinshu Mars,Japan,215,1750,86.43
Shirakawa,Japan,1,1,80
Shizuoka,Japan,44,75,87.39
Short Mountain Distillery,United States,1,0,0
Shot in the Dark Craft Distillery,United States,3,0,0
Sibling Distillery,United Kingdom,5,9,68.2
Sierra Norte Distillery,Mexico,13,0,0
Signal Hill Spirits Inc.,Canada,2,19,77.93
Sikkim,India,5,26,61.52
Silk City,United States,3,1,89
Silver Trail Distillery,United States,3,0,0
Sin-Gold,Germany,22,74,79.53
Sinnesfreuden Neber-Hagemann,Austria,2,3,73
Six & Twenty Distillery,United States,4,0,0
Skaalvenn Distillery,United States,1,0,0
Skånska Spritfabriken,Sweden,8,8,80.6
Skellig Six18 Distillery,Ireland,0,0,0
Skip Rock Distillers,United States,1,0,0
Slane,Ireland,6,45,81.15
Sliabh Liag Distillery,Ireland,1,25,74.79
Slijterij/distileerderij Museum van Kleef,Netherlands,1,1,86
Slyrs,Germany,195,1671,78.91
Small-Brook,Luxembourg,23,39,83.52
Smögen,Sweden,87,772,86.18
Smooth Ambler Spirits,United States,262,351,83.89
Smugglers' Notch Distillery,United States,4,0,0
Snitching Lady Distillery,United States,1,0,0
Sonnenbräu,Switzerland,12,10,78.74
Sonnenscheiner,Germany,5,34,72.54
Sonoma Brothers,United States,1,1,60
Sonoma County Distilling Co.,United States,47,206,82.46
Sons of Liberty,United States,9,8,77.94
Sons of Vancouver Distillery Ltd.,Canada,1,0,0
South Carolina Distillery,United States,0,0,0
Southern Artisan Spirits,United States,2,0,0
Southern Coast Distillers,Australia,15,3,84.67
Southern Distilleries Ltd.,New Zealand,8,4,40.5
Southern Distilling Company,United States,7,0,0
Southern Grace Distilleries,United States,1,0,0
Southern Grain Spirits,New Zealand,2,3,72.67
Southern Tier Distilling Co.,United States,7,0,0
Souwester Spirits,Australia,1,0,0
Sperbers Destillerie,Germany,11,2,76.5
Sperling Silver Distillery,Canada,1,1,60
Spessarthof,Germany,1,0,0
Speyburn,Scotland,277,2746,83.48
Speyside Distillery,Scotland,390,3284,84.11
Spezialitätenbrauerei Eckart,Germany,5,0,0
Spezialitätenbrennerei Assulzerhof,Germany,1,0,0
Spezialitätenbrennerei Weidhof,Switzerland,6,3,82
Spirit Hound Distillers,United States,7,4,82.25
Spirit of York Distillery Co.,Canada,1,1,85
Spirit of Yorkshire Distillery,United Kingdom,27,119,86.1
Spirit Works Distillery,United States,6,0,0
Spirits of French Lick,United States,2,0,0
Split Rock Distillery,United States,1,3,81.33
Spreewald Brennerei,Germany,14,50,72.92
Spreewood Distillers,Germany,35,196,78.01
Spring Bay Distillery,Australia,11,2,84
Springbank,Scotland,4545,84020,88.45
Springbrook Hollow Farm Distillery,United States,1,0,0
Springside Distillery,Scotland,0,0,0
Square One,United States,1,0,0
St. Augustine Distillery,United States,6,3,77.5
St. George Spirits,United States,24,44,76.04
St. George's Distillery,United Kingdom,395,889,80.86
St. Kilian Distillers,Germany,190,1887,82.91
St. Magdalene,Scotland,228,3348,88.89
St. Patrick's Distillery,Ireland,8,30,81.32
St. Petersburg Distillery,United States,7,0,0
St. Urban,Italy,1,1,100
Stadler,Germany,1,0,0
Stadsbrouwerij De Hemel,Netherlands,4,5,52.33
Stammheimer,Switzerland,9,9,78.84
Standard Wormwood Distillery,United States,3,0,0
Stark Spirits Distillery,United States,5,0,0
Starkenberg,Austria,5,18,74.38
Starlaw,Scotland,2,2,66
Starlight Distillery,United States,87,2,89.5
Starward,Australia,81,592,84.88
Stauning Whisky,Denmark,160,756,81.73
Steam Exchange Brewery,Australia,0,0,0
Steigmiller-Lutz,Germany,2,2,72.5
Stein Distillery Inc.,United States,9,18,79.29
Steinhauser,Germany,29,82,78.56
Steinwälder Hausbrennerei Schraml,Germany,34,108,65.26
Still 630,United States,6,0,0
Still Austin Whiskey Co.,United States,5,1,80
Still Waters Distillery,Canada,32,28,77.59
StilltheOne,United States,5,2,84.5
Stillwater Spirits / Moylan's Distilling Co.,United States,5,1,77
Stirling Distillery,Scotland,0,0,0
Stitzel-Weller,United States,273,150,86.99
Stoaninger,Austria,1,4,77.5
Stock Plzeň,Czech Republic,6,6,48.34
Stöfflbräu,Austria,2,3,75
Stokerij De Molenberg,Belgium,34,1108,83.34
Stokerij De Onrust,Netherlands,4,11,66.56
Stokerij Hondsrug,Netherlands,0,0,0
Stokerij Sculte,Netherlands,19,49,85.38
Stone Barn Brandyworks,United States,4,1,84
Stonecutter Spirits,United States,1,1,84
Stornoway (Ness),Scotland,0,0,0
Stranahan's Colorado Whiskey,United States,51,124,85.68
Strathclyde,Scotland,231,1902,86
Strathearn,Scotland,76,258,83.09
Stratheden,Scotland,2,4,78.5
Strathisla,Scotland,652,8509,87.7
Strathmill,Scotland,489,4388,84.47
Stromness,Scotland,3,7,87.5
Studio Distilling,United States,4,0,0
Sugarlands Distilling Co.,United States,4,1,86
Sülfelder Gutshof-Brennerei GmbH,Germany,0,0,0
Sullivans Cove,Australia,213,355,85.96
Surselva Bräu,Switzerland,5,4,66.25
Sweet Potato Spirits,United States,1,1,83
Swhisky,Switzerland,11,11,61.29
Swift Distillery,United States,2,0,0
Syntax Spirits,United States,3,0,0
't Koelschip,Netherlands,8,30,36.08
T.O.S,France,1,1,83
Taconic Distillery,United States,10,2,79
Tahoe Moonshine Distillery,United States,1,0,0
Tahwahkaro Distilling Co.,United States,5,8,84.17
Talisker,Scotland,886,36173,86.44
Tallant,Scotland,0,0,0
Tamdhu,Scotland,610,8329,85.49
Tamnavulin,Scotland,245,2714,84.91
"Tanduay Distillers, Inc.",Philippines,1,0,0
Tarnished Truth Distilling Co.,United States,1,0,0
Tatoosh,United States,3,4,75.5
Tattersall Distilling,United States,2,1,86
Tawny Corn,Switzerland,3,0,0
Teaninich,Scotland,526,7127,85.92
Teeling Whiskey Distillery,Ireland,24,461,74.82
Teerenpeli,Finland,59,587,80.71
Tekel,Turkey,4,9,68
Telser Distillery,Liechtenstein,22,56,78.46
Temperance Distilling,United States,1,0,0
Terreni alla Maggia,Switzerland,0,1,90
Tesetice Distillery,Czech Republic,22,10,76.27
Tevsjö Destilleri,Sweden,6,14,78.61
The Aisling Distillery,Australia,2,1,81
The Belgian Owl,Belgium,116,362,79.58
The Black Bottle Distillery,United Kingdom,2,0,0
The Bondi Distillery,United States,1,0,0
The Borders Distillery,Scotland,1,2,81
The Clydeside Distillery,Scotland,1,12,76.8
The Cooper Spirits Co.,United States,4,20,89.2
The Crolly Distillery,Ireland,0,0,0
The Derwent Distillery,Australia,7,0,0
The Dingle Whiskey Distillery,Ireland,39,340,85.3
The Dublin Liberties Distillery,Ireland,29,225,79.75
The Family Jones Distillery,United States,2,0,0
The Forest Distillery,United Kingdom,0,0,0
The Fynoderee Distillery,United Kingdom,0,0,0
The Glasgow Distillery Co.,Scotland,23,533,84.17
The Golan Heights Distillery,Israel,29,47,77.29
The Great Northern Distillery,Ireland,56,128,83.78
The Grove Experience,Australia,7,1,40
The Helsinki Distilling Co.,Finland,23,39,79.59
The Lakes Distillery,United Kingdom,63,448,83.66
The Liberty Distillery,Canada,3,1,75
The Lindores Distilling Co. Ltd.,Scotland,11,49,83.72
The London Distillery Company,United Kingdom,10,9,78.88
The Lübbehusen Malt Distillery,Germany,15,51,80.83
The McLaren Vale Distillery,Australia,2,0,0
The Mighty Oak Brewing Company Ltd.,United Kingdom,2,0,0
The Old Pogue Distillery,United States,6,11,84.75
The Original Texas Legend Distillery,United States,2,0,0
The Owl Distillery,Belgium,0,0,0
The Oxford Artisan Distillery,United Kingdom,12,9,86.33
The Powerscourt Distillery,Ireland,0,41,84.05
The Quiet Man Irish Whiskey Co. Ltd.,Ireland,0,0,0
The Shed Distillery,Ireland,3,49,84.29
The Spirits Workshop Distillery,New Zealand,4,0,0
The Splinter Group Spirits,United States,2,20,83.9
The Village Brewer,United Kingdom,1,0,0
The Vogel,Germany,4,19,78.06
The Waters Distillery,Germany,1,1,84
The Wild Alps,Switzerland,3,4,82
Think Destillers,Germany,3,5,85.33
Thirteenth Colony Distilleries,United States,3,1,81
Thistle Finch,United States,2,0,0
Thomas Sippel,Germany,25,44,72.76
Thomas Street (George Roe) Distillery,Ireland,5,1,84
Thomas Wilhelm,Germany,1,2,52
Thomson Whisky New Zealand Ltd,New Zealand,18,38,80.42
Thoran Distillery,Iceland,0,0,0
Thornæs Destilleri,Denmark,1,0,0
"Three Boys Farm Distillery / Whiskey Thief Distilling Company, Inc.",United States,7,2,81
Thuisbrunner Elch-Bräu,Germany,29,161,83.66
Thumb Butte Distillery,United States,4,1,89
Thunder Road Distillery,United States,2,5,82.67
Thy Whisky Distillery,Denmark,2,12,85.59
Tiger Juice Distillery,United States,1,0,0
Timboon Railway Shed Distillery,Australia,19,10,84.31
Tin Shed Distilling Co.,Australia,37,15,82.93
Tipperary Boutique Distillery,Ireland,24,174,83.21
Tirado Distillery,United States,2,0,0
Tirril Brewery,United Kingdom,4,0,0
To Tårn Bryggeri AS,Norway,1,0,0
Toberanrigh Distillery,Scotland,0,0,0
Tobermory,Scotland,1772,35454,86.33
Tobias Schmid & Sohn,Switzerland,1,1,70
Tomatin,Scotland,1236,20995,85.93
Tomintoul,Scotland,467,7178,85.11
Tommyrotter Distillery,United States,3,0,0
Tom's Foolery Distillery,United States,8,6,79.44
Top of the Hill Distillery,United States,2,0,0
Top Shelf Distillers,Canada,3,1,20
Top Shelf International,Australia,3,0,0
Torabhaig,Scotland,4,427,87.31
Tormore,Scotland,503,5614,85.94
Toronto Distillery Co.,Canada,3,0,0
TŌSH Distillery,Czech Republic,8,37,80.26
Toulvaddie,Scotland,0,0,0
Tovuz-Baltiya,Azerbaijan,2,0,0
Towcester Mill Brewery Ltd,United Kingdom,2,0,0
Trail Town Still,United States,1,0,0
Traverse City Whiskey Co.,United States,9,10,80.07
Trebitsch Old Town Distillery,Czech Republic,16,29,70.12
Treecraft,United States,1,0,0
Triple Eight Distillery,United States,5,3,85.75
Trolden Distillery,Denmark,17,30,80.88
Tsunuki,Japan,13,99,85.71
Tullamore Dew (1829 - 1954),Ireland,24,114,89.35
Tullamore Dew (2014 - present),Ireland,22,235,78.46
Tullibardine,Scotland,667,7686,84.2
Turabauer Maass,Austria,1,0,0
Turv Exloo Distillery,Netherlands,3,28,63.54
Tuthilltown Spirits,United States,67,266,76.51
Twenty Third Street Distillery,Australia,3,3,82
Twin Creeks Distillery,United States,3,0,0
Twin Stills Moonshine Distillery,United States,1,0,0
Twin Valley Distillers,United States,6,0,0
Two Doves Destilerija,Serbia,2,9,57.59
Two James Spirits,United States,8,13,80.88
Uerige,Germany,6,21,74.19
Ugelris,Denmark,1,0,0
ULEX Schnäpse,Germany,4,4,79.5
Union Distillery,Scotland,0,0,0
Union Distillery Maltwhisky do Brasil,Brazil,3,6,63.78
Union Horse Distilling Co.,United States,21,0,0
United Distillery Group,Egypt,1,8,55.83
Uppsala Destilleri,Sweden,6,2,85.5
Urban Distilleries,Canada,1,3,73.67
Us Heit Distillery,Netherlands,162,340,75.08
Valamo Monastery Distillery,Finland,16,33,75.69
Valentine Distilling,United States,9,18,85.05
Vallei Distilleerderij,Netherlands,1,0,0
Van Brunt Stillhouse,United States,16,20,74.41
Vapor Distillery,United States,4,0,0
Vara Winery & Distillery,United States,1,0,0
Vareler Brauhaus,Germany,4,12,80.69
Vattudalen Whisky,Sweden,5,6,84.5
Venakki Distillery,Portugal,4,2,81
Venus Spirits,United States,3,6,80.25
Victoria Caledonian Distillery,Canada,0,0,0
Victoria Distillers,Canada,1,0,0
Vielanker Brauhaus,Germany,5,12,71.42
Vienna Craft Distillery,Austria,1,1,69
Vikre Distillery,United States,11,0,0
Viktor Senn,Switzerland,2,0,0
Vingården Lille Gadegård,Denmark,8,38,69.16
Vinn,United States,1,0,0
Virgil Kaine Lowcountry Whiskey Co.,United States,5,10,85.4
Virginia Distillery Co.,United States,23,20,79.93
Virginia Sweetwater Distillery,United States,1,0,0
Vitis Industries,Papua New Guinea,2,0,0
Vulkan Brauerei,Germany,2,6,75.38
Wädi-Brau-Huus,Switzerland,8,6,57.67
Wakatsuru Saburomaru Distillery,Japan,37,64,85.52
Waldbrand Destillerie,Germany,2,0,0
Waldhornbrennerei Klotz GbR,Germany,7,6,74.67
Waldviertler Roggenhof,Austria,43,180,61.88
Wallner,Austria,1,2,80
Walsh Whiskey,Ireland,17,83,82.94
Walter Seeger,Germany,4,4,69.5
Wannborga Bränneri & Vingård,Sweden,8,33,71.13
Warenghem,France,104,1466,81.93
Waterford Distillery,Ireland,30,1451,84.7
Watershed Distillery,United States,4,1,85
Wave Distil,Belgium,19,55,80.2
Wayne Gretzky Estate,Canada,6,38,83.63
Weetwood,United Kingdom,0,0,0
Weidenauer,Austria,7,14,78.5
Weidmann & Groh,Germany,1,1,40
Weinbau Eller,Germany,0,0,0
Weinbau zur Krone,Switzerland,1,3,81.67
Weinbrennerei und Likörfabrik H. A. Wagner,Germany,1,0,0
Weingut Dotzauer,Germany,3,3,81.75
Weingut Etl,Austria,1,4,51
Weingut Mößlein,Germany,6,23,74.09
Weinhaus Kilian,Germany,1,2,80.5
Weinkellerei Spielmann,Germany,1,0,0
West Cork Distillers,Ireland,120,1375,79.67
West Highland Distillery,Scotland,0,0,0
"West Virginia Distilling Co., LLC",United States,1,0,0
Western Reserve Distillers,United States,1,0,0
Western Son Distillery,United States,3,1,4
Western Spirits Beverage Company,United States,28,45,74.58
Westland Distillery,United States,121,485,85.01
Westward Whiskey,United States,22,45,82.53
Weutz,Austria,22,39,68.65
Weyermann Destillerie,Germany,2,6,74.34
Wharf Distillery,United Kingdom,17,2,81
Wheat State Distilling,United States,1,1,66
Whipper Snapper Distillery,Australia,5,7,77.83
Whiskey Acres Distilling Co.,United States,4,0,0
Whiskey Del Bac,United States,0,0,0
Whisky Castle,Switzerland,73,51,63.2
WhistlePig,United States,173,189,85.09
Whistling Andy,United States,2,0,0
White Peak Distillery,United Kingdom,17,11,79.54
Whitmeyer's,United States,1,6,85
Whittaker's (Harrogate Distillery Ltd.),United Kingdom,0,0,0
Wibblers Brewery,United Kingdom,3,0,0
Widow Jane Distillery,United States,1123,110,83.41
Wieser,Austria,20,60,72.63
Wijnhuis Texel,Netherlands,2,35,78.74
Wild Brennerei,Germany,3,30,82.29
Wild River Mountain Distillery,Australia,2,0,0
Wild Turkey Distillery,United States,355,2560,84.23
Wilderness Trail Distillery,United States,29,33,84.63
Willett Distillery,United States,360,360,86.61
Willie's,United States,1,1,84
Willowbank,New Zealand,149,623,83.73
Willy Macheiner,Austria,3,1,73
Windecker Dorfbrennerei,Germany,1,0,0
Winter Park Distilling Company,United States,1,0,0
Wishkah River Distillery,United States,3,11,80.65
Wolf & Oak Distillery,Poland,1,0,0
Wolfburn,Scotland,148,3573,85.15
Wondertucky,United States,1,0,0
Wood Hat Spirits,United States,2,4,85
Wood’s High Mountain Distillery,United States,4,3,78.33
Woodford Reserve,United States,283,1964,81.71
Woodinville Whiskey Co.,United States,24,13,79.73
Woodstone Creek,United States,8,0,0
Woody Creek Distillers,United States,9,7,81.25
Workshops Distillery,New Zealand,3,5,75.25
Wright & Brown Distilling Co.,United States,5,3,88
Wylie Howell Whiskey,United States,1,0,0
Wyndberg Destille,Germany,2,3,78
Wyoming Whiskey,United States,29,44,86.49
Yack Creek,Australia,13,0,0
Yahara Bay Distillers,United States,10,1,79
Yalaha Bootlegging Co.,United States,1,0,0
Yamazaki,Japan,513,7256,87.94
Yarm Distillery Ltd.,United Kingdom,0,0,0
Yellow Rose Distilling,United States,22,65,78.97
Yerushalmi Distillery,Israel,4,6,71.58
Yeti Distillery,Nepal,2,8,70.34
Yoichi,Japan,581,8508,86.85
York Brewery,United Kingdom,3,0,0
Yserrain,Germany,4,0,0
Yukon Brewing & Distilling,Canada,18,19,86.54
Z.Kozuba i Synowie,Poland,2,24,45.07
Zámecká palírna Blatná,Czech Republic,3,4,74.67
Zauser,Austria,1,0,0
Zeitzer Whisky Manufactur,Germany,6,3,77.67
Z'Graggen,Switzerland,8,32,78.5
Zöchmeister,Austria,1,1,87
Zogg Mosterei - Brennerei AG,Switzerland,1,0,0
Žufánek,Czech Republic,0,0,0
Zuidam Distillery,Netherlands,211,2334,81.35
Zum Lobmüller,Germany,1,0,0
Zweiger,Austria,4,2,43
Zweistein Whisky,Germany,4,2,74
